{"cameraMode":{"drawMode":0,"name":"Shaded","section":"Shading Mode"},"sceneLighting":true,"audioPlay":false,"sceneViewState":{"m_AlwaysRefresh":false,"showFog":true,"showSkybox":true,"showFlares":true,"showImageEffects":true,"showParticleSystems":true,"showVisualEffectGraphs":true,"m_FxEnabled":true},"in2DMode":false,"pivot":{"x":3.534552574157715,"y":27.31222915649414,"z":-42.80723190307617},"rotation":{"x":0.07088998705148697,"y":-0.24519504606723786,"z":0.017980406060814859,"w":0.9667115211486816},"size":26.009458541870118,"orthographic":true}